circulating_supply,ID,last_updated,max_supply,name,market_cap,percent_change_1h,percent_change_24h,percent_change_7d,price,volume_24h,rank,symbol,total_supply,website_slug,website,github
,2596,1528373984,,CK USD,,-0.04,0.21,0.53,0.979009,97591300,1361,CKUSD,,ckusd,,
,1910,1528373966,,ATMCoin,,0.16,0.06,2.97,3.86412,33670900,1362,ATMC,10000000000,atmcoin,https://www.atmcoin.com/website/inicio,
,2840,1528373989,,QuarkChain,,-0.44,-10.48,,0.186893,27837900,1363,QKC,10000000000,quarkchain,https://quarkchain.io/,https://github.com/QuarkChain
,2456,1528373981,,OFCOIN,,-0.61,16.72,18.17,0.00130152,24143100,1364,OF,51200000000,ofcoin,http://www.ofbank.com/,https://github.com/ofproject/
,2826,1528373989,,ZIP,,17.52,53.23,49.19,0.00352199,23756000,1365,ZIP,1.00E+11,zip,http://zipper.io/,
,2599,1528373985,,Noah Coin,,-2.57,-15.07,20.43,0.00917385,12874200,1366,NOAH,91584000000,noah-coin,https://noahcoin.org/,
,2691,1528373986,1.00E+11,Penta,,0.04,1.15,13.01,0.022632,11966600,1367,PNT,50000000000,penta,https://www.penta.global/,https://github.com/pentaglobal
,2767,1528373988,,APIS,,-1.05,-4.06,6.56,0.0108433,11238600,1368,APIS,9520000000,apis,https://apisplatform.io/,https://github.com/Oxchild/crowdsale
,2661,1528373985,,Tripio,,0.15,3.23,-3.87,0.0180226,10889800,1369,TRIO,5000000000,tripio,https://trip.io/,https://github.com/thetripio
,2760,1528373988,,Libra Credit,,-0.28,3.59,-3.74,0.219883,10220400,1370,LBA,1000000000,libra-credit,https://www.libracredit.io/,https://github.com/libracredit
,2701,1528373987,,TrustNote,,-0.06,-3.66,-19.01,0.0720611,9012300,1371,TTT,,trustnote,https://trustnote.org/,https://github.com/trustnote
,2725,1528373987,,Skrumble Network,,-1.33,-8.52,-1.18,0.063357,8305800,1372,SKM,1500000000,skrumble-network,https://skrumble.network/,
,2358,1528373977,,Content and AD Network,,-0.11,-1.72,-15.25,0.0173296,7479200,1373,CAN,1500000000,content-and-ad-network,http://mobipromo.io/cn/,
,2379,1528373977,,Kcash,,-0.12,0.07,-4.64,0.120395,6081540,1374,KCASH,1000000000,kcash,https://www.kcash.com/,
,2483,1528373982,,OceanChain,,-0.32,1.75,-5.35,0.00424993,5442620,1375,OC,,oceanchain,https://oceanchain.club/,
,2603,1528373984,,Pundi X,,-0.64,-4.95,-22.33,0.00855211,4628540,1376,NPXS,68179231883,pundi-x,https://pundix.com/,
,2838,1528373989,,PCHAIN,,-0.09,-9.09,,0.18212,4028220,1377,PAI,2100000000,pchain,https://pchain.org/,https://github.com/pchain-org
,2470,1528373980,,CoinMeet,,-1,1.95,-3.67,0.0529127,3558000,1378,MEET,400000000,coinmeet,https://coinmeet.io/,
,2734,1528373987,,EduCoin,,0.3,6.55,-5.51,0.00293327,3512480,1379,EDU,15000000000,edu-coin,http://www.edu.one,
,2738,1528373988,,Super Game Chain,,1.51,1.39,5.23,0.00238488,3489910,1380,SGCC,20000000000,super-game-chain,http://www.sgchain.io,https://github.com/JayNarv/sgc-gamebook
,2432,1528373980,,StarChain,,6.06,6.9,-4.61,0.07338,3369660,1381,STC,1000000000,starchain,http://www.starchain.one/,
,2438,1528373979,,Acute Angle Cloud,,0.24,1.3,4.33,0.112567,2667040,1382,AAC,1000000000,acute-angle-cloud,http://acuteangle.com/,
,2414,1528373978,,RealChain,,-0.56,-2.07,-5.11,0.0391015,2080380,1383,RCT,1000000000,realchain,http://rcfund.org/,
,2282,1528373974,21210000,Super Bitcoin,,-0.13,-0.01,-20.09,9.54724,2060510,1384,SBTC,,super-bitcoin,http://supersmartbitcoin.com/,https://github.com/superbitcoin/SuperBitcoin
,2659,1528373986,,Dignity,,-3.73,-7.89,10.14,0.146688,2051120,1385,DIG,3000000000,dignity,https://cryptobontix.com/,
,2842,1528373989,,Bankera,,-0.93,-14.46,,0.00841939,2046040,1386,BNK,25000000000,bankera,https://bankera.com/,https://github.com/Bankera-token/BNK-ETH-Contract
,2771,1528373989,,RED,,0.23,-1.95,-4.41,0.1455,1915550,1387,RED,200000000,red,https://ico.red-lang.org/,https://github.com/red/red
,2335,1528373976,21000000,Lightning Bitcoin,,0.21,-2.18,-13.69,33.0103,1896360,1388,LBTC,,lightning-bitcoin,http://lbtc.io/,https://github.com/lbtcio
,2441,1528373979,,Molecular Future,,0.19,-0.59,5.59,0.340461,1626070,1389,MOF,100000000,molecular-future,http://www.molecular.cc/,
,2727,1528373988,,Bezant,,1.7,2.46,0.27,0.134218,1564140,1390,BZNT,1000000000,bezant,https://bezant.io/,
,2293,1528373976,21000000,United Bitcoin,,-2.31,-6.18,0.87,10.1338,1490590,1391,UBTC,21000000,united-bitcoin,http://ub.com/,https://github.com/UnitedBitcoin
,2434,1528373979,,Maggie,,-0.17,-3.18,-20.44,0.0157464,1368750,1392,MAG,3200000000,maggie,http://maggie.vip/,
,2708,1528373987,,Crowd Machine,,-0.4,-13.84,-9.01,0.0447577,1329730,1393,CMCT,2000000000,crowd-machine,https://crowdmachine.com,
,2011,1528373968,,Tezos (Pre-Launch),,-0.02,3.21,0.72,5.04479,1286030,1394,XTZ,,tezos,https://www.tezos.com/,
,2376,1528373979,,TopChain,,-0.11,-3.83,0.14,0.0339082,1265550,1395,TOPC,2100000000,topchain,http://www.topc.io/,
,2733,1528373987,,Freyrchain,,-0.06,-0.05,9.27,0.0164419,1232910,1396,FREC,10000000000,freyrchain,http://www.freyrchain.org/,https://github.com/Freyrchain/FREC
,2740,1528373988,,Influence Chain,,0.16,-5.51,-15.4,0.267005,1226540,1397,INC,1000000000,influence-chain,http://www.influencechain.org/,https://github.com/InfluenceChain
,2762,1528373989,,Open Platform,,-0.29,-0.27,-6.75,0.188351,1147550,1398,OPEN,1000000000,open-platform,https://www.openfuture.io/,
,2712,1528373987,,MyToken,,0.14,-2.24,5.37,0.0246171,934280,1399,MT,4000000000,mytoken,https://mytoken.io/en/,
,2779,1528373989,,Level Up Coin,,-2.16,-0.31,1.1,0.0125027,886598,1400,LUC,1308800000,level-up,https://play2live.io,https://github.com/Play2Live/blockchain
,2280,1528373975,,Filecoin [Futures],,0.02,3.01,4.82,9.1995,885589,1401,FIL,,filecoin,https://filecoin.io/,
,2537,1528374282,,Gems ,,0.26,3.35,5.88,0.0138117,873315,1402,GEM,8000000000,gems-protocol,https://gems.org/,
,2427,1528374280,,ChatCoin,,-0.73,-1.13,-5.21,0.0765599,723628,1403,CHAT,1000000000,chatcoin,http://www.openchat.co/,
,2435,1528374280,,LightChain,,-2.81,3.95,-2.13,0.00119717,719843,1404,LIGHT,2.10E+11,lightchain,http://www.lightchain.one/,https://github.com/lightchainone
,2827,1528374289,,Phantasma,,-0.91,-1.48,12.48,0.558343,702183,1406,SOUL,91137875,phantasma,https://phantasma.io/,https://github.com/PhantasmaProtocol
,2693,1528374286,,Loopring [NEO],,0.29,-0.27,6.23,1.22455,701489,1407,LRN,139507605,loopring-neo,https://loopring.org,https://github.com/loopring
,2281,1528374275,2.10E+11,BitcoinX,,-1.67,2.32,-14.05,0.0154274,712560,1405,BCX,1.67E+11,bitcoinx,https://bcx.org/,https://github.com/bitcoinx-project/bitcoinx/releases
,2736,1528374287,,InsurChain,,-2.13,1.95,-8.47,0.00156186,698170,1408,INSUR,20000000000,insurchain,http://www.insurchain.org/,https://github.com/insurchain
,2393,1528374279,,AWARE,,-0.27,-1.85,-5.72,0.0292187,678272,1409,AWR,1000000000,aware,http://www.aware.bi/,https://github.com/AwareFoundation
,2835,1528374289,,Endor Protocol,,-1.76,-10.12,,0.155842,653764,1411,EDR,1500000000,endor-protocol,https://www.endor.com/,https://github.com/EndorCoin
,2440,1528374279,,Read,,4.36,-3.48,-5.96,0.0137069,662630,1410,READ,2100000000,read,https://read.lianzai.com/,
,2361,1528374277,,Show,,-2.28,-5.39,-23.48,0.00401308,621855,1412,SHOW,10000000000,show,http://www.show.one/,
,1497,1528374256,,Fargocoin,,0.02,2.13,5.91,4.21303,613365,1413,FRGC,529388114,fargocoin,https://fargocoin.org/,https://github.com/fargocoin
,2488,1528374282,,ValueChain,,-2.21,1.78,-17.84,0.0551629,587669,1414,VLC,300000000,valuechain,http://valuechain.biz/,
,2737,1528374287,,Global Social Chain,,1.06,-9.76,-12.84,0.114711,576165,1415,GSC,1000000000,global-social-chain,https://www.gsc.social,https://github.com/gscsocial/gsc-core
,2741,1528374289,,Intelligent Investment Chain,,-1.8,-6.14,-14.1,0.00548911,573176,1416,IIC,21000000000,intelligent-investment-chain,http://www.iicoin.io/,https://github.com/iichain
,1971,1528374268,,iQuant,,-2.29,-8.71,-6.13,0.0558549,542030,1417,IQT,100000000,iquant,http://www.5iquant.org/,https://github.com/IquantChain/
,2356,1528374277,,CFun,,0.5,3.71,21.12,0.0114476,528591,1418,CFUN,900000000,cfun,https://www.cfunproject.com/,
,2837,1528374289,,0xBitcoin,,-3.7,-10.54,,3.57415,517193,1419,0xBTC,20999984,0xbtc,https://0xbitcoin.org/,https://github.com/0xbitcoin/0xbitcoin-token
,2593,1528374284,,Dragon Coins,,-5.06,-6.2,-34.19,0.291397,507443,1420,DRG,500000000,dragon-coins,https://drgtoken.io/,
,2480,1528374281,,HalalChain,,-2.36,6.04,0.61,0.112822,500792,1421,HLC,1000000000,halalchain,http://www.hlc.com/,
,2847,1528616689,,The Abyss,,0.06,-15.47,,0.061789,1463990,1378,ABYSS,508628132,the-abyss,https://www.theabyss.com/,https://github.com/theabyssportal
,2433,1528616679,,IPChain,,3.2,-8.96,-9.35,0.672253,952906,1389,IPC,96000000,ipchain,https://www.ipcchain.org/,https://github.com/IPCChain/ipchain
,2764,1528616688,,Silent Notary,,-1.76,-4.67,-19.33,0.000226887,902981,1393,SNTR,1.96E+11,silent-notary,https://silentnotary.com/,https://github.com/SilentNotary/ICO-SN
,2396,1528616679,,WETH,,-0.44,-3.17,-1.12,581.578,872523,1394,WETH,,weth,https://weth.io/,
,2831,1528616688,,EJOY,,0.72,-39.56,-27.58,0.00822228,716460,1397,EJOY,21000000000,ejoy,http://www.ejoy.world/,https://github.com/etherjoy
,1706,1528616660,,Aidos Kuneen,,-3.63,-20.07,14.44,23.8905,563120,1401,ADK,25000000,aidos-kuneen,http://aidoskuneen.com/,https://github.com/AidosKuneen
,2091,1528616670,,Exchange Union,,-1.21,-4.15,-7.21,5.19402,541304,1403,XUC,3000000000,exchange-union,https://www.exchangeunion.com/,https://github.com/ExchangeUnion
,2850,1528616689,,TRAXIA,,-0.27,-12.2,,0.0482934,2673330,1370,TMT,1000000000,traxia,http://traxia.co,https://github.com/TeamTraxia/traxiaMembershipToken
,2735,1528766987,,Content Neutrality Network,,-1.75,1.6,-30.18,0.00151266,4016250,1362,CNN,1E+11,content-neutrality-network,https://cnntoken.io/,https://github.com/cnntoken/
,2454,1528766980,,UnlimitedIP,,1.01,-13.75,-20.49,0.0267878,2048390,1371,UIP,3000000000,unlimitedip,http://www.unlimitedip.io/,
,2366,1528766977,,FairGame,,-4.01,-20.02,-26.97,0.0198558,1543680,1375,FAIR,1200000000,fairgame,https://fair.game/,https://github.com/FairGame2017
,2852,1528766989,,Engine,,1.11,-3.18,,0.00308448,955909,1387,EGCC,10000000000,engine,https://www.egcchain.com/,
,2766,1528766989,,Cryptaur,,-2.88,12.76,,0.00436969,840302,1391,CPT,27662180148,cryptaur,https://cryptaur.com/,https://github.com/Cryptaur
,2013,1528766969,,Infinity Economics,,1.29,44.1,41.7,0.00985549,629822,1398,XIN,9000000000,infinity-economics,http://www.infinity-economics.org/,https://bitbucket.org/InfinityEconomics/
,2517,1528766981,,Animation Vision Cash,,-0.11,2.56,-14.28,0.00555131,625728,1399,AVH,10000000000,animation-vision-cash,http://www.av.cash/,
,2846,1528766989,,FuturoCoin,,-0.25,4.07,,14.5017,618276,1400,FTO,100000000,futurocoin,https://futurocoin.com,https://github.com/futuro-coin/Futuro
,2855,1528869289,,CashBet Coin,,-3.84,-3.37,,0.314199,1511700.0,1376,CBC,430000000.0,cashbet-coin,https://coin.cashbet.com,
,2849,1528869289,,Hurify,,6.1,5.22,,0.0744354,1188730.0,1383,HUR,273125000.0,hurify,https://hurify.co,https://github.com/HurifyPlatform/
,2858,1528869289,,Couchain,,-3.41,6.18,,0.000292592,578731.0,1402,COU,31000000000.0,couchain,https://couchain.io/,

,2859,1529055889,,XMax,,-2.89,,,0.00296888,2865160.0,1370,XMX,30000000000.0,xmax,https://www.xmx.com,https://github.com/XMaxPlatform
,2861,1529055889,,GoChain,,-2.68,-1.15,,0.020448,2378260.0,1375,GO,1000000000.0,gochain,https://gochain.io/,
,2862,1529055889,,Smartshare,,-0.02,,,0.0045824,918828.0,1395,SSP,10000000000.0,smartshare,https://smartshare.vip/#/,

,2719,1529124887,,Cybereits,,-8.54,-9.93,-3.07,0.0227444,2263400.0,1376,CRE,1000000000.0,cybereits,https://cybereits.com/,https://github.com/Cybereits
,2487,1529124881,,Electronic PK Chain,,2.34,32.32,35.85,0.0980034,1224040.0,1389,EPC,500000000.0,electronic-pk-chain,http://epc.im/,

,2830,1529210389,,Seele,,-0.15,-3.08,2.07,0.261331,4882840.0,1359,SEELE,1000000000.0,seele,http://seele.pro/,https://github.com/seeleteam

,2714,1529210987,180000000000.0,Nexty,,3.46,15.57,-5.71,0.000444628,640353.0,1401,NTY,180000000000.0,nexty,https://nexty.io/,https://github.com/nextyio


,2678,1529516085,,TraDove B2BCoin,,1.8,-13.07,-16.23,0.0261904,557984.0,1391,BBC,393192965.0,b2bcoin,http://bbcoin.tradove.com,

,2732,1529638787,,Aston,,1.5,,,0.106009,2470590.0,1369,ATX,1000000000.0,aston,https://www.aston.company/,
,2866,1529638789,,Sentinel Protocol,,-0.57,-4.8,,0.0812872,2257770.0,1373,UPP,500000000.0,sentinel-protocol,https://sentinelprotocol.io,

,2874,1530046470,,Aurora,,-1.32,,,0.0535775,839798.0,1375,AOA,10000000000.0,aurora,https://www.aurorachain.io/,
,2873,1530046470,,Metronome,,0.94,,,2.24665,729096.0,1382,MET,10005760.0,metronome,https://www.metronome.io/,https://github.com/autonomoussoftware

,2880,1530458186,,Rate3,,0.03,13.81,,0.0234688,815314.0,1373,RTE,1000000000.0,rate3,https://www.rate3.network/,https://github.com/rate-engineering/

,2663,1530802822,,StarCoin,,4.35,10.53,151.26,0.0285943,1785950.0,1380,KST,877631077.0,starcointv,http://www.starcoin.tv,
,2406,1530802822,,InvestDigital,,0.96,-5.39,,0.0258044,1419520.0,1383,IDT,800000000.0,investdigital,https://investdigital.info/,https://github.com/investdigital
,2201,1530802819,,WINCOIN,,0.3,7.84,47.38,0.56734,1307340.0,1386,WC,451276343.0,win-coin,https://wincoin.co/,https://github.com/Wincoinofficial/wincoin
,2892,1530802822,,Wowbit,,-1.3,4.66,,0.290709,1260900.0,1387,WWB,1111074832.0,wowbit,http://wowoonet.com/ ,
,2887,1530802822,,Dorado,,6.96,53.73,,0.025411,1228870.0,1388,DOR,695583782.0,dorado,https://www.dorado.tech/,
,2888,1530802822,,CarBlock,,-0.85,1.35,,0.0331287,774887.0,1402,CAR,1800000000.0,carblock,https://www.carblock.io/,https://github.com/carblock-io

,2900,1530973946,,Project Pai,,1.86,-3.94,,1.16902,86657700.0,1369,PAI,1660363531.0,project-pai,https://projectpai.com/,https://www.github.com/projectpai/
,2898,1530973947,,GoNetwork,,-1.12,-10.47,,1.3758,65709800.0,1371,GOT,100000000.0,gonetwork,https://gonetwork.co/index.html,https://github.com/gonetwork-project/gonetwork-framework
,2903,1530973947,,SEER,,-6.03,,,0.00639416,1613460.0,1389,SEER,4100000000.0,seer,http://seer.best/,https://github.com/seer-project/
,2895,1530973947,,Coni,,0.16,,,0.0928877,1297520.0,1395,CONI,1000000000.0,coni,https://www.coinbene.com,https://github.com/Coinbene/
,2906,1530973947,,Essentia,,1.91,,,0.0384198,1012580.0,1402,ESS,1755313373.0,essentia,https://essentia.one/,https://github.com/essentiaone
,2902,1530973947,,POPCHAIN,,3.16,,,0.0355154,761984.0,1415,PCH,2000000000.0,popchain,http://www.popchain.org/,https://github.com/PopchainOrg
,2901,1530973946,,FansTime,,-0.71,,,0.00932314,587430.0,1418,FTI,10000000000.0,fanstime,https://fanstime.org/,
,2891,1530973947,,Cardstack,,4.59,33.7,,0.00631953,522359.0,1422,CARD,6000000000.0,cardstack,https://cardstack.com/,https://github.com/cardstack/cardstack

,2884,1530974668,,Forty Seven Bank,,-1.3,-1.02,,0.750516,353394.0,1431,FSBT,3699483.0,forty-seven-bank,https://www.fortyseven.io/,https://github.com/fortysevenbank

,2921,1531664683,,OneLedger,,-0.37,1.36,,0.0401313,10671600.0,1379,OLT,1000000000.0,oneledger,https://oneledger.io/,https://github.com/Oneledger/OLT
,2918,1531664683,,Bit-Z Token,,0.65,14.93,,0.219792,10512600.0,1380,BZ,1200000000.0,bit-z-token,https://www.bitz.com/,
,2913,1531664683,,DaTa eXchange,,-4.06,17.84,,0.030354,3168480.0,1387,DTX,46094019.0,data-exchange,http://databrokerdao.com,https://github.com/DataBrokerDAO
,2885,1531664682,,Egretia,,0.23,-3.43,-12.59,0.00991729,1577890.0,1396,EGT,8000000000.0,egretia,http://egretia.io/,
,2933,1531664683,,BitMart Token,,-0.1,18.33,,0.0535838,1315550.0,1398,BMX,757732715.0,bitmart-token,https://www.bitmart.com/,
,2908,1531664683,,HashCoin,,0.31,3.57,,0.00241652,1150170.0,1404,HSC,50000000000.0,hashcoin,https://www.hashfuture.io/,https://hashfuture.github.io
,2920,1531664683,,0xcert,,0.13,2.43,,0.0387496,782390.0,1413,ZXC,500000000.0,0xcert,https://0xcert.org/,https://github.com/0xcert/ethereum-erc20
,2907,1531664683,,Karatgold Coin,,11.64,3.22,15.05,0.0104649,409152.0,1429,KBC,12000000000.0,karatgold-coin,https://karatgold.io/,
,2917,1531664683,,Saifu,,-0.08,5.77,,0.0519838,381760.0,1431,SFU,112161073.0,saifu,https://saifu.ai/,
,2878,1531664683,,DigiFinexToken,,0.3,5.4,7.41,0.715166,372815.0,1433,DFT,2100000000.0,digifinextoken,https://www.digifinex.com/,

,2928,1531754683,,PlayCoin,,-7.34,,,0.114371,1071530.0,1413,PLY,1000000000.0,playcoin,https://playcoin.game/,
,2923,1531754683,,XMCT,,-0.07,,,0.0425767,1069340.0,1414,XMCT,700000000.0,xmct,http://xmedchain.com/,https://github.com/xmedchain-dev/eth_crowdsale/tree/master/contracts
,2930,1531754683,10000000000.0,Everipedia,,-2.09,18.8,,0.0613248,681157.0,1428,IQ,1135599492.0,everipedia,https://everipedia.org/,https://github.com/EveripediaNetwork/
,2914,1531754683,,BeeKan,,0.59,-8.97,,0.00675738,497098.0,1434,BKBT,10000000000.0,beekan,https://www.beekan.org/,
,2922,1531754683,,Atonomi,,0.41,2.94,,0.0343913,339602.0,1445,ATMI,1000000000.0,atonomi,https://atonomi.io/,https://github.com/atonomi
,2689,1531754683,,Rublix,,-1.01,16.79,-25.08,0.155181,313379.0,1447,RBLX,100000000.0,rublix,https://rublix.io/,https://github.com/rublixdev

,2979,1532750742,,Linfinity,,-0.93,1.11,,0.141664,152918000.0,1399,LFT,3000000000.0,linfinity,https://www.linfinity.io,
,2981,1532750742,,Consentium,,-0.0,-2.07,,1.99689,13148700.0,1404,CSM,240000000.0,consentium,https://www.consentium.net/,
,2947,1532750741,,SoPay,,-1.49,14.04,-26.44,0.0189799,4588570.0,1409,SOP,4500000000.0,sopay,https://sopay.org/en,
,2953,1532750741,,Blue Whale Token,,1.19,7.11,,0.000836707,3113410.0,1414,BWX,64320000000.0,blue-whale-token,https://www.bluewhale.foundation/,https://github.com/BlueWhaleFoundation
,2950,1532750741,,LemoChain,,-1.59,5.4,12.45,0.0973001,2528960.0,1417,LEMO,1600000000.0,lemochain,https://www.lemochain.com/#/,https://github.com/LemoFoundationLtd/
,2936,1532750741,,MTC Mesh Network,,0.33,,,0.02259,2353500.0,1420,MTC,1000000000.0,mtc-mesh-network,http://www.mtc.io/,
,2945,1532750741,,ContentBox,,-1.3,7.67,-15.37,0.0300462,2286450.0,1421,BOX,3000000000.0,contentbox,https://contentbox.one/,https://github.com/BOXFoundation
,2986,1532750742,,DACC,,-1.63,-8.74,,0.00168097,1997860.0,1423,DACC,30000000000.0,dacc,http://www.dacc.co/,
,2987,1532750742,,ThingsOperatingSystem,,1.4,4.31,,0.10745,1573310.0,1426,TOS,1000000000.0,thingsoperatingsystem,,https://github.com/TOSIO/tos
,2826,1532750739,,Zipper,,0.36,2.01,-10.3,0.00460841,1131510.0,1434,ZIP,100000000000.0,zip,http://zipper.io/,
,2972,1532750741,,ZPER token,,-0.76,14.39,,0.0161178,987011.0,1436,ZPR,2050000000.0,zper-token,Https://zper.io,https://github.com/zperteam
,2931,1532750741,,Engagement Token,,-0.17,0.77,-65.02,0.0121522,660399.0,1447,ENGT,1000000000.0,engagement-token,https://engagementtoken.com,
,2980,1532750742,,WABnetwork,,-2.03,-13.8,,0.00073517,567163.0,1450,WAB,100000000000.0,wabnetwork,https://wab.network/,https://github.com/WABnetwork/Token
,2938,1532750741,,Hashgard,,0.13,1.55,-8.1,0.000393152,487567.0,1454,GARD,100000000000.0,hashgard,https://www.hashgard.io/,
,2974,1532750741,,Lightpaycoin,,-2.33,6.82,,4.68189,339700.0,1469,LPC,760768.0,lightpaycoin,https://lightpaycoin.org/,https://github.com/lpcproject/LightPayCoin/
,2969,1532750741,,Globalvillage Ecosystem,,-1.01,-4.65,,0.0053158,312249.0,1471,GVE,1000000000.0,globalvillage-ecosystem,http://gve.io/,

,2618,1532751298,,StockChain,,-0.4,2.52,11.05,0.00467338,254084.0,1476,SCC,10000000000.0,stockchain,http://stockchain.co/,https://github.com/StockChainScc
,2959,1532751302,,WeToken,,20.12,55.33,,0.0122048,240085.0,1478,WT,600000000.0,wetoken,https://en.worldwifi.io/,https://github.com/World-WiFi/deal-referral-contract
,2713,1532751299,,KEY,,-0.91,-1.68,-10.76,0.00408757,182034.0,1483,KEY,100000000000.0,key,https://www.bihu.com/,https://github.com/bihu-id/
,2970,1532751302,,LocalCoinSwap,,-0.95,8.56,,0.181706,160789.0,1487,LCS,72732420.0,local-coin-swap,https://www.localcoinswap.com,https://github.com/LocalCoinSwap/cryptoshares
,2894,1532751301,,OTCBTC Token,,-1.05,-7.07,-17.25,0.155335,151654.0,1488,OTB,199470888.0,otcbtc-token,https://otcbtc.com/,
,2857,1532751301,,SalPay,,-0.12,3.36,-11.48,0.0392225,143420.0,1489,SAL,100000000.0,salpay,https://www.salpay.com,
,2977,1532751302,,BitRewards,,-0.07,-15.25,,0.00422475,139624.0,1491,BIT,511991510.0,bitrewards,https://bitrewards.network/,https://github.com/BitRewards
,2975,1532751302,,FundToken,,-0.22,14.38,,0.0219261,137666.0,1492,FUNDZ,79796588.0,fundtoken,https://fundfantasy.com/,https://github.com/FundFantasy/TokenSale
,2940,1532751302,,Sp8de,,-0.07,26.82,-0.33,0.000347368,128277.0,1495,SPX,8888888888.0,sp8de,https://sp8de.com/,
,2532,1532751296,,Etherecash,,6.67,-0.99,-9.22,0.0104586,121646.0,1496,ECH,,etherecash,http://etherecash.io/,
,2966,1532751302,,Fox Trading,,-1.48,-6.78,,0.0541569,118045.0,1499,FOXT,9250000.0,fox-trading,https://foxtrading.io/,https://github.com/foxtrading
,2932,1532751302,,No BS Crypto,,1.08,-6.13,31.41,0.00119491,113396.0,1500,NOBS,10000000000.0,no-bs-crypto,https://nobscrypto.com/,
,2925,1532751302,,RECORD,,0.01,11.99,-16.64,0.0415866,108428.0,1501,RCD,,record,https://recordfoundation.org/,https://github.com/recordfoundation/record-token-contract
,2828,1532751300,,SPINDLE,,-0.01,6.08,-17.39,0.00588233,107957.0,1502,SPD,10000000000.0,spindle,https://spindle.zone,
,2973,1532751302,,empowr coin,,-0.07,-0.86,,2.24287,107116.0,1503,EMPR,751122980.0,empowr-coin,http://www.empowr.com,
,2982,1532751302,,Mass Vehicle Ledger,,-0.07,27.82,,0.00572722,96967.3,1504,MVL,30000000000.0,mass-vehicle-ledger,http://mvlchain.io,https://github.com/mvlchain/mvltoken

,2834,1532959243,,ContractNet,,0.02,15.51,30.96,0.1456122739,712677.914278864,1440,CNET,23000000.0,contractnet,https://contractnet.com/,https://github.com/ContractNetLabs/go-ContractNet
,2994,1532959306,,Bitcoin File,,2.14,6.38,,0.0059050254,289602.546436844,1471,BIFI,21050000000.0,bitcoin-file,,https://github.com/bitcoinfile/bitcoinfile
,2991,1532959307,175000000.0,NIX,,-3.66,-4.02,,0.3739198105,105733.012145901,1498,NIX,39376127.0,nix,https://nixplatform.io/,https://github.com/NixPlatform/NixCore
,2008,1532959295,30000000000.0,MSD,,0.0,36.76,37.86,0.0053595601,99757.4766901571,1502,MSD,6088400259.0,msd,https://mymsdspace.com/,



,2934,1533030886,,BitKan,,-1.03,,,0.0093381806,4402307.71740817,1412,KAN,10000000000.0,bitkan,http://www.kan.land/,
,1944,1533030874,,Moving Cloud Coin,,-4.29,,,0.0400737401,491496.197234631,1447,MCC,1000000000.0,moving-cloud-coin,https://www.mcsports.cn/mcblock/en/,https://github.com/MovingCloudChain/mcc
,2383,1533030881,100000000000.0,Jingtum Tech,,0.24,-14.34,-36.28,0.0019604845,108182.301324234,1499,SWTC,599999999999.0,jingtum-tech,https://www.jingtum.com/,
,2992,1533030886,,Apollo Currency,,1.0,-11.28,,0.0017433126,106598.45477192,1502,APL,21165096531.0,apollo-currency,https://www.apollocurrency.com/,https://github.com/ApolloFoundation/Apollo

,2998,1533135047,,Vexanium,,2.34,,,0.0448522786,3105712.85192709,1418,VEX,1000000000.0,vexanium,https://www.vexanium.com/,https://github.com/vexanium
,2997,1533135046,,DIPNET,,0.16,,,0.0050153924,754226.751851084,1434,DPN,10000000000.0,dipnet,http://www.dip.network/,
,3026,1533135047,,Carlive Chain,,0.13,,,0.008906724,452675.684151772,1448,IOV,10000000000.0,carlive-chain,https://www.carlive.io,https://github.com/CarLiveChain/token-profile
,2926,1533135107,,PRASM,,-0.68,-20.55,,0.003504382,239272.8864484,1478,PSM,4000000000.0,prasm,http://prasm.io/,https://github.com/PRASM-Network/PRASM
,3040,1533135107,,CanonChain,,-1.94,,,0.0284060663,217684.111658022,1479,CZR,1618033988.0,cononchain,http://www.canonchain.com/,https://github.com/canonchain/canonchain
,3019,1533135105,,Luna Stars,,-0.04,,,0.0005701305,210111.912217861,1481,LSTR,380000000.0,luna-stars,https://www.meetluna.com/,https://github.com/lunalabs/luna-smart-contract
,1751,1533135099,410000000.0,ATC Coin,,-0.82,,,0.0097302276,95887.0121259505,1507,ATCC,205905762.0,atc-coin,http://www.atccoin.com/,https://github.com/atccoinofficial/ATCC

,3058,1533226908,,Six Domain Chain,,-0.81,,,0.0178340532,3228951.19316287,1426,SDA,2000000000.0,six-domain-chain,https://www.sdchain.io/,https://github.com/SDChain/SDChain-Core
,3053,1533226908,,YOU COIN,,-2.45,,,0.0255804047,693141.128613886,1444,YOU,2736000000.0,you-coin,http://youchain.cc/,
,2999,1533226908,,Hdac,,-0.09,,,0.1042230313,610940.747155471,1446,HDAC,75931337.0,hdac,https://www.hdactech.com/,https://github.com/Hdactech/hdac
,2924,1533226908,,FNKOS,,-0.73,-7.19,,0.1129619076,384564.536076246,1463,FNKOS,1000000000.0,fnkos,https://www.foglink.io/,https://github.com/foglink/contracts/
,3016,1533226908,,NeuroChain,,-0.64,,,0.0255736686,200150.838450627,1486,NCC,657440000.0,neurochain,https://www.neurochaintech.io/,https://gitlab.com/neurochaintech
,3001,1533226906,,KWHCoin,,-17.21,,,0.0064384994,161456.487481785,1495,KWH,46985982.0,kwhcoin,https://www.kwhcoin.com/,
,3022,1533226908,,ZMINE,,-0.56,,,0.058543069,99075.6271606595,1514,ZMN,788881702.0,zmine,https://zmine.com,
,2993,1533226908,1200000000.0,HorusPay,,-0.26,17.75,,0.0237821492,96390.3965514663,1517,HORUS,335813899.0,horuspay,https://horuspay.io,https://github.com/HorusPay/horustokenio

,3147,1534341124,,HYCON,,0.65,3.53,,0.0344621892,4637043.34538188,1448,HYC,2925955449.0,hycon,https://hycon.io/,https://github.com/Team-Hycon/hycon-core
,3096,1534341124,,Pundi X NEM,,1.52,6.96,34.35,0.0034715626,2936778.13279043,1450,NPXSXEM,9000000000.0,pundi-x-nem,https://pundix.com/,
,3126,1534341124,,ProximaX,,0.38,4.97,,0.0039335867,2691754.05030539,1453,XPX,9000000000.0,proximax,https://proximax.io/,https://github.com/proximax-storage-foundry
,3123,1534341124,,GSENetwork,,0.59,4.06,-13.53,0.007432135,2478816.60770385,1454,GSE,100000000000.0,gsenetwork,https://gse.network/,
,3157,1534341184,,Smart Application Chain,,0.45,,,4.4395477129,1575093.99274672,1459,SAC,200000000.0,smart-application-chain,https://www.sachain.net,https://github.com/SACChain/SAC
,3116,1534341184,,Insight Chain,,-0.7,-9.01,-22.1,0.425489577,1252890.70937451,1464,INB,10000000000.0,insight-chain,http://www.insightchain.io,
,3175,1534341184,,TTC Protocol,,-0.39,,,0.0530436418,834206.307645599,1470,TTC,1000000000.0,ttc-protocol,http://www.ttc.eco,https://github.com/TTCECO/ico_smart_contract
,3100,1534341184,,Ultra Salescloud,,0.73,11.75,-16.99,0.068169284,713058.059045918,1472,UST,1000000000.0,ultra-salescoud,http://www.ust.top/,https://github.com/ultraSalescloud/
,3121,1534341183,,IGToken,,0.17,35.28,,0.0001461647,670791.616020241,1473,IG,10000000000.0,igtoken,http://igtoken.net/,https://github.com/IgniteIGT/token-profile
,3086,1534341183,,Kora Network Token,,6.77,18.47,-22.59,0.0119664408,667342.125703287,1474,KNT,712500000.0,kora-network-token,https://kora.network/,https://github.com/koranetwork
,3098,1534341183,,XcelToken,,-1.23,1.49,-16.77,0.0609784816,625030.365562298,1477,XCEL,50000000000.0,xceltoken,https://xceltoken.com/,https://github.com/xceltripofficial/xceltoken
,3131,1534341184,,Thingschain,,7.19,12.3,,0.0002703166,609917.961547298,1478,TIC,100000000000.0,thingschain,https://thingschain.network/,https://github.com/TICnetwork/TIC-token
,3060,1534341183,,Yuan Chain Coin,,0.1,6.98,-26.32,0.0090615264,535111.202836425,1481,YCC,10000000000.0,yuan-chain-coin,https://www.yuan.org/,
,2871,1534341181,,Ubique Chain Of Things,,1.44,14.33,-25.62,0.0277835743,514368.702094378,1482,UCT,1050000000.0,ubique-chain-of-things,https://www.ucot.world/,https://github.com/UCOT/
,3107,1534341184,,BingoCoin,,0.19,3.38,-36.37,0.2171052246,490398.662012165,1487,BOC,2000000000.0,bingocoin,https://www.bocfun.com,
,3070,1534341183,,Litex,,-3.18,10.52,-23.61,0.0110158277,481703.243955902,1488,LXT,,litex,http://litex.io/,
,3073,1534341183,,Esports Token,,0.9,3.43,-22.53,0.0113685635,465914.209887147,1490,EST,1000000000.0,esports-token,https://esportschain.org/,https://github.com/esportschain/esportstoken
,3172,1534341184,21000000.0,LogisCoin,,1.72,,,6.2876412582,464581.235442056,1491,LGS,206604.0,logiscoin,https://logiscoin.cc/,https://github.com/lgsproject/LogisCoin
,3117,1534341184,,Social Lending Token,,-0.03,-11.76,-39.42,0.0240797734,452359.252386436,1492,SLT,1000000000.0,social-lending-token,https://sociallending.io/,
,3140,1534341184,,Ubex,,-0.23,7.43,,0.0133810969,447524.008033479,1494,UBEX,4000000000.0,ubex,https://www.ubex.com/,https://github.com/ubex-ai
,3085,1534341183,,INO COIN,,0.3,3.0,-11.2,0.4603735031,410132.923904636,1498,INO,1000000000.0,ino-coin,https://inocoin.eu/,https://github.com/InoCoin
,3074,1534341183,,Experience Token,,1.83,7.85,-3.58,0.001333075,395662.02030767,1499,EXT,10000000000.0,experience-token,https://ext.earth/,
,3156,1534341184,,Airbloc,,3.06,-0.01,,0.0212890521,343025.161315747,1507,ABL,400000000.0,airbloc,https://www.airbloc.org/,https://github.com/airbloc/token
,3090,1534341184,,Wiki Token,,0.54,9.39,-21.66,1.131661,331107.787589882,1510,WIKI,21000000.0,wiki-token,https://wikitoken.bitcoinwiki.org,
,3076,1534341184,,Endorsit,,1.16,7.99,-27.64,0.0001971087,329375.625914827,1511,EDS,100000000000.0,endorsit,http://eds.ren/en/,
,3134,1534341184,,ETERNAL TOKEN,,0.94,-7.31,,0.7708543665,273959.145825789,1515,XET,200000000.0,external-token,https://www.atom-solutions.jp/en/xetchange.php,https://github.com/atom-solutions/EternalToken
,3120,1534341184,,OWNDATA,,0.15,3.27,-44.52,0.0002073641,255568.255017833,1519,OWN,110000000000.0,owndata,https://owndata.network/,https://github.com/owndata/owndata-token
,3021,1534341183,,Intermational Crypto X,,0.1,7.57,-18.77,0.0061433789,205798.713017112,1530,INCX,599999990.0,intermational-crypto-x,https://internationalcryptox.io/,
,3154,1534341184,,Davinci Coin,,0.03,2.99,,0.0073232018,190537.521490745,1533,DAC,880000000.0,davinci-coin,https://davinci.vision,
,3061,1534341183,,Promotion Coin,,-0.49,0.79,-44.88,0.000360642,167012.764950078,1535,PC,8750000000.0,promotion-coin,http://www.pchain.io/,
,3139,1534341184,,DxChain Token,,-1.56,14.35,,0.0003466461,160277.952446387,1537,DX,100000000000.0,dxchain-token,https://dxchain.com/,https://github.com/DxChainNetwork/dxchain-token-contracts
,3091,1534341184,,Sapien,,0.14,4.6,-25.13,0.0046576537,157258.089459986,1538,SPN,500000000.0,sapien,https://www.sapien.network/,https://github.com/SapienNetwork
,3110,1534341184,,NewsToken,,-13.66,-16.96,-38.04,0.0087382444,152907.551525267,1540,NEWOS,10000000000.0,newstoken,http://ne.ws/html/,https://github.com/news-chain/newschain/
,3066,1534341183,,BitCapitalVendor,,0.86,5.23,-43.48,0.0044809889,149904.966476316,1542,BCV,1200000000.0,bitcapitalvendor,https://www.bitcv.com,https://github.com/bitcv
,2863,1534341181,,HOLD,,2.27,44.4,,0.0033108547,126458.108573892,1546,HOLD,923453365.0,hold,https://hold.co,

,3055,1534341423,,EBCoin,,5.08,10.49,23.56,0.0027679004,108955.544318467,1553,EBC,10295055166.0,ebcoin,https://ebcoin.io,
,2952,1534341422,,Gold Bits Coin,,-0.36,17.66,-18.62,0.5212280643,107512.690425023,1554,GBC,1000000000.0,gold-bits-coin,https://goldbitscoin.com/,
,3056,1534341423,,Thore Cash,,0.45,25.02,-5.56,7.7692105842,106351.154306451,1556,TCH,111111111.0,thore-cash,https://www.thorecash.com/thorecash.html,https://etherscan.io/token/0x9972a0f24194447e73a7e8b6cd26a52e02ddfad5
,3113,1534341484,,InterCrone,,-0.45,13.63,85.25,0.6280905933,96585.1255080959,1558,ICR,16162188.0,intercrone,https://www.intercrone.com/,
,2911,1534341483,,ORS Group,,0.95,3.2,20.19,0.0441381227,96020.0223824076,1560,ORS,557670520.0,ors-group,https://www.orsgroup.io/,https://github.com/ORSGroup/ORS-Tokensale
,3130,1534341484,21000000.0,Forkcoin,,-6.56,-2.12,,0.622164018,92639.3753755909,1561,FORK,6680624.0,forkcoin,https://forkcoin.io/,https://github.com/fcoindev/fcoin
,3064,1534341483,,EPLUS Coin,,0.18,16.72,-45.16,2.476562925,92007.1202010206,1562,EPLUS,168000000.0,eplus-coin,http://www.ep-coin.com/,https://github.com/epcoin

,3182,1534526947,,HitChain,,-2.43,44.57,,0.0006505269,5025019.47384891,1455,HIT,102400000000.0,hitchain,http://hitchain.org/index.html,
,3012,1534527008,,VeThor Token,,-0.82,42.48,-56.59,0.0029676369,385607.072409081,1504,VTHO,,vethor-token,https://www.vechain.org/,https://github.com/vechain/thor
,3181,1534527008,,ShowHand,,27.27,52.5,,1.86528e-05,305180.634798885,1512,HAND,403000000000.0,showhand,https://www.showhand.io,
,3106,1534527008,,PKG Token,,-4.4,81.94,143.5,6.51945e-05,251746.685555856,1521,PKG,10000000000.0,pkg-token,http://pkgtoken.io/,
,3184,1534527008,,Gold Poker,,0.37,5.78,,2.9948710576,250066.188998954,1522,GPKR,1485420.0,gold-poker,https://gold-poker.com/,https://github.com/GoldPoker/GoldPoker-coin
,3021,1534527008,,InternationalCryptoX,,1.42,6.09,-12.87,0.0066270805,244356.029095398,1524,INCX,599999990.0,internationalcryptox,https://internationalcryptox.io/,
,3109,1534527007,,Ordocoin,,-15.02,,,7.18312e-05,200930.586645003,1537,RDC,51000000000000.0,ordocoin,https://ordocoin.org,https://github.com/ordocoin
,3179,1534527008,,Arbidex,,1.29,-21.86,,0.0501220329,195861.4034286,1538,ABX,25000000.0,arbidex,https://www.arbidex.uk.com,
,3127,1534527006,,Themis,,2.18,6.96,-39.3,0.0054279819,163345.668259727,1549,GET,1000000000.0,themis,https://themis.network/,https://github.com/themis-network/go-themis
,3083,1534527006,,Lina,,1.22,5.34,-18.37,0.0245820332,105458.525492768,1562,LINA,900000000.0,lina,https://lina.review,
,2746,1534527006,,DasCoin,,2.1,-8.25,-15.79,0.0537264504,102532.737578264,1564,DASC,889868500.0,dascoin,https://dascoin.com/,https://github.com/techsolutions-ltd/dascoin-blockchain

,3193,1534785054,,RRCoin,,0.44,,,0.0210627042,432579.665632489,1498,RRC,1800000000.0,rrcoin,http://www.rrchain.network/,https://github.com/RRNCIO/RRChain
,3194,1534785053,,DPRating,,2.6,,,0.0007366611,254396.960825097,1519,RATING,10000000000.0,dprating,http://token.dprating.com/,
,3190,1534785054,,Defense,,11.64,,,0.1154911972,208141.32529016,1529,DFS,628054.0,defense,https://defensebox.io,https://github.com/dfscoin/dfs
,3115,1534785054,,Maximine Coin,,0.71,5.4,8.27,0.0042690003,202114.601722138,1532,MXM,16000000000.0,maximine-coin,https://maximine.io/,https://github.com/maximine
,3146,1534785114,,CyberFM,,8.7,6.17,90.39,5.23643e-05,109726.858860436,1561,CYFM,102000000000.0,cyberfm,https://cyber-fm.com/,

,2621,1534855366,,Consensus,,6.34,-1.59,4.98,0.0062272096,241401.103396857,1521,SEN,1650000000.0,consensus,https://consensus.ai/,
,3187,1534855374,,Mozo Token,,0.53,,,0.0116208282,191323.431645275,1531,MOZO,5000000000.0,mozo-token,https://mozocoin.io/,https://github.com/Biglabs/Mozo-SC
,2989,1534855374,,STASIS EURS,,-0.23,0.85,0.01,1.1537973201,114045.584439825,1554,EURS,12291000.0,stasis-eurs,https://stasis.net,https://github.com/STASISNET
,3000,1534855374,,New Power Coin,,0.65,-9.43,-5.96,1.1189562753,110979.219482873,1556,NPW,11346789.0,new-power-coin,http://npw.live/,
